"","baseMean","log2FoldChange","lfcSE","stat","pvalue","padj","Kingdom","Phylum","Class","Order","Family","Genus","Species"
"ASV16",82.5990028711422,-8.69525868896767,0.410488322718711,-21.1827187467307,1.37842847768057e-99,2.48117125982502e-97,"Bacteria","Firmicutes","Clostridia","Clostridiales","Clostridiaceae","Candidatus Arthromitus",NA
"ASV46",14.4149805953949,-3.8947667768255,0.543185777651609,-7.1702296655557,7.48720543728199e-13,1.22517907155523e-11,"Bacteria","Firmicutes","Clostridia","Lachnospirales","Lachnospiraceae","Lachnospiraceae NK4A136 group",NA
"ASV87",5.03251388320172,-3.80011489000042,0.756363890080812,-5.02418867404472,5.0556517575641e-07,2.93553973019851e-06,"Bacteria","Firmicutes","Clostridia","Oscillospirales","Oscillospiraceae",NA,NA
"ASV71",9.96818508432275,-3.70324827992645,0.359183324558718,-10.3101898855582,6.33759777007893e-25,3.80255866204736e-23,"Bacteria","Firmicutes","Clostridia","Lachnospirales","Lachnospiraceae",NA,NA
"ASV179",1.35040175531258,-3.45099594329056,0.756688579961527,-4.56065551229281,5.09941801301457e-06,2.48079795227736e-05,"Bacteria","Firmicutes","Clostridia","Clostridia vadinBB60 group",NA,NA,NA
"ASV101",5.03241590818006,-3.27447009878361,0.428729833630298,-7.63760728068961,2.21295631355129e-14,3.98332136439232e-13,"Bacteria","Firmicutes","Clostridia","Oscillospirales","Oscillospiraceae","Colidextribacter",NA
"ASV135",2.45915821879773,-3.04033331794334,0.782757611150338,-3.88413127465509,0.000102696413217921,0.000429891962307575,"Bacteria","Firmicutes","Clostridia","Lachnospirales","Lachnospiraceae","Lachnoclostridium",NA
"ASV138",2.64355785548906,-2.60978104927997,0.461380198100046,-5.65646523198653,1.54522262736273e-08,1.15891697052205e-07,"Bacteria","Proteobacteria","Alphaproteobacteria","Rickettsiales","Mitochondria",NA,NA
"ASV107",3.97645192826257,-2.57748687858325,0.658672275747605,-3.91315525715388,9.10979215257921e-05,0.000390419663681966,"Bacteria","Firmicutes","Clostridia","Lachnospirales","Lachnospiraceae",NA,NA
"ASV83",6.89422466501439,-2.51497055570938,0.775659399328125,-3.24236457121237,0.00118542273423797,0.00344154987359411,"Bacteria","Firmicutes","Clostridia","Lachnospirales","Lachnospiraceae","Lachnospiraceae NK4A136 group","bacterium"
"ASV127",3.15450160256322,-2.49840828701665,0.419926938267854,-5.94962613573272,2.68755660294941e-09,2.68755660294941e-08,"Bacteria","Firmicutes","Clostridia","Lachnospirales","Lachnospiraceae",NA,NA
"ASV49",12.950238939545,-2.42204204157471,0.41324599238382,-5.86101761714153,4.60039161768942e-09,4.14035245592048e-08,"Bacteria","Firmicutes","Clostridia","Lachnospirales","Lachnospiraceae","Roseburia",NA
"ASV99",4.23401702797499,-2.41651306041271,0.48947182877958,-4.93698088087706,7.93412458451172e-07,4.46294507878784e-06,"Bacteria","Firmicutes","Clostridia","Lachnospirales","Lachnospiraceae",NA,NA
"ASV62",11.3302282544413,-2.34297043600644,0.345119051535165,-6.78887597072487,1.13010541319744e-11,1.35612649583693e-10,"Bacteria","Firmicutes","Clostridia","Lachnospirales","Lachnospiraceae","Lachnospiraceae NK4A136 group",NA
"ASV189",0.968954624833989,-2.31377022871385,0.549750111713792,-4.20876718242203,2.56767786280934e-05,0.000121626846133074,"Bacteria","Firmicutes","Clostridia","Lachnospirales","Lachnospiraceae",NA,NA
"ASV41",22.3021782828203,-2.21691125404218,0.246164163535405,-9.00582449615306,2.14051297701001e-19,7.70584671723603e-18,"Bacteria","Firmicutes","Bacilli","RF39",NA,NA,NA
"ASV194",0.932871131018755,-2.20276547793172,0.5802115600801,-3.79648671189456,0.000146761225571504,0.000562064268146184,"Bacteria","Firmicutes","Clostridia","Monoglobales","Monoglobaceae","Monoglobus",NA
"ASV82",7.65196984397086,-2.1153615421902,0.236454983112446,-8.94614913310685,3.68099648666687e-19,1.10429894600006e-17,"Bacteria","Firmicutes","Clostridia","Oscillospirales","Ruminococcaceae","Incertae Sedis",NA
"ASV97",3.20424347880643,-2.08853196872129,0.351862451385943,-5.93564888920321,2.926855707204e-09,2.77281066998274e-08,"Bacteria","Proteobacteria","Gammaproteobacteria","Enterobacterales","Enterobacteriaceae","Escherichia-Shigella",NA
"ASV228",0.614406513387437,-2.07872253987132,0.758294204619823,-2.74131402720333,0.00611939913676938,0.0137686480577311,"Bacteria","Firmicutes","Clostridia","Peptococcales","Peptococcaceae",NA,NA
"ASV52",14.1211604384085,-2.03266185641499,0.293490195407574,-6.92582542184146,4.33440721542252e-12,6.50161082313378e-11,"Bacteria","Firmicutes","Clostridia","Lachnospirales","Lachnospiraceae","Lachnospiraceae NK4A136 group",NA
"ASV205",0.718349698240951,-1.86292830219106,0.783942132006065,-2.37635946090043,0.0174844205021509,0.0333534670695273,"Bacteria","Firmicutes","Clostridia","Clostridia vadinBB60 group",NA,NA,NA
"ASV180",1.05972575682355,-1.83607276177055,0.845217917129749,-2.17230695724674,0.0298325176160863,0.0497208626934772,"Bacteria","Firmicutes","Clostridia","Lachnospirales","Lachnospiraceae","Lachnoclostridium",NA
"ASV154",2.13320328835869,-1.81541979265688,0.320597978365732,-5.66260524134025,1.49091879229145e-08,1.15891697052205e-07,"Bacteria","Proteobacteria","Gammaproteobacteria","Pseudomonadales","Pseudomonadaceae","Pseudomonas",NA
"ASV186",1.03644935347732,-1.81249490148152,0.505194982988619,-3.58771358092119,0.000333590446984222,0.00111196815661407,"Bacteria","Firmicutes","Clostridia","Lachnospirales","Lachnospiraceae",NA,NA
"ASV173",1.52776013545294,-1.68744815309469,0.773199924915854,-2.18242151702011,0.029078437732001,0.0489169980538334,"Bacteria","Firmicutes","Clostridia","Clostridia vadinBB60 group",NA,NA,NA
"ASV231",0.587802334282253,-1.66920905643371,0.746043325861716,-2.237415708405,0.0252591828110296,0.0445750284900522,"Bacteria","Firmicutes","Bacilli","Lactobacillales","Streptococcaceae","Streptococcus","danieliae"
"ASV164",1.32275318207504,-1.64647084251765,0.583126212878349,-2.82352397500803,0.00474988732864426,0.0109612784507175,"Bacteria","Firmicutes","Clostridia","Lachnospirales","Lachnospiraceae","Lachnospiraceae NK4A136 group",NA
"ASV151",1.49091710077895,-1.53675442782471,0.585198455778185,-2.6260397864194,0.00863847194716581,0.0174710668594365,"Bacteria","Firmicutes","Clostridia","Lachnospirales","Lachnospiraceae","Roseburia",NA
"ASV208",0.71609931367663,-1.51897300341527,0.5673321299804,-2.67739640176514,0.00741967940951309,0.0155295615547948,"Bacteria","Firmicutes","Clostridia","Oscillospirales","Ruminococcaceae","Incertae Sedis",NA
"ASV121",2.25530177900529,-1.50486138936019,0.614459289085983,-2.44908233318222,0.0143220705878106,0.0277201366215689,"Bacteria","Firmicutes","Clostridia","Lachnospirales","Lachnospiraceae",NA,NA
"ASV129",2.4800269310278,-1.4515777342195,0.615940774803848,-2.35668394364988,0.0184389329932993,0.0342603337545315,"Bacteria","Firmicutes","Clostridia","Lachnospirales","Lachnospiraceae","Lachnospiraceae UCG-001",NA
"ASV136",3.4578363478299,-1.41174625852657,0.380907484790922,-3.70627072162015,0.000210333470202002,0.000772653564007353,"Bacteria","Actinobacteriota","Coriobacteriia","Coriobacteriales","Eggerthellaceae","Enterorhabdus",NA
"ASV128",2.53911083186501,-1.39153107895659,0.52289788048453,-2.66119089575801,0.00778647976814809,0.016109958140996,"Bacteria","Firmicutes","Clostridia","Lachnospirales","Lachnospiraceae","A2",NA
"ASV72",10.2192181863501,-1.36640143962143,0.267021431488585,-5.11719764216695,3.1010862095177e-07,1.92481213004547e-06,"Bacteria","Firmicutes","Clostridia","Lachnospirales","Lachnospiraceae",NA,NA
"ASV18",51.3306582919914,-1.28005392206506,0.148863403428747,-8.59884896208051,8.05195716392419e-18,2.07050327072336e-16,"Bacteria","Firmicutes","Clostridia","Lachnospirales","Lachnospiraceae","Lachnospiraceae NK4A136 group",NA
"ASV36",22.6955060927094,-1.261070097142,0.241125139536142,-5.22994035200123,1.69564740921304e-07,1.13043160614202e-06,"Bacteria","Firmicutes","Clostridia","Lachnospirales","Lachnospiraceae","Roseburia",NA
"ASV155",1.68257529549467,-1.25945036469363,0.575183781756927,-2.18964860387158,0.0285497311899311,0.0484806756055434,"Bacteria","Firmicutes","Clostridia","Oscillospirales","Ruminococcaceae","Anaerotruncus",NA
"ASV106",5.81218265440094,-1.22407112874676,0.317894178827341,-3.85056163425877,0.000117847267573073,0.000482102458253482,"Bacteria","Patescibacteria","Saccharimonadia","Saccharimonadales","Saccharimonadaceae","Candidatus Saccharimonas",NA
"ASV9",246.412168343447,-1.21268790608467,0.209722187988223,-5.78235387355756,7.36625476507273e-09,6.02693571687769e-08,"Bacteria","Bacteroidota","Bacteroidia","Bacteroidales","Muribaculaceae",NA,NA
"ASV112",3.87514199189225,-1.20945855284381,0.420637105761503,-2.87530162289003,0.00403641701386263,0.00955993503283255,"Bacteria","Firmicutes","Clostridia","Lachnospirales","Lachnospiraceae",NA,NA
"ASV169",1.33728472324847,-1.14460747729756,0.397813304477934,-2.87724785574901,0.00401160364628702,0.00955993503283255,"Bacteria","Firmicutes","Clostridia","Lachnospirales","Lachnospiraceae","Tyzzerella",NA
"ASV12",120.759252205732,-1.13459905832342,0.166028602877029,-6.83375658568764,8.27193377337377e-12,1.06353434229091e-10,"Bacteria","Firmicutes","Bacilli","Lactobacillales","Lactobacillaceae","Ligilactobacillus",NA
"ASV92",4.4849056367695,-1.09679848257517,0.399624941163673,-2.74456964418035,0.00605902965819772,0.0137686480577311,"Bacteria","Firmicutes","Clostridia","Oscillospirales","Butyricicoccaceae","Butyricicoccus",NA
"ASV67",11.5701991924776,-1.07930168559911,0.264920488642744,-4.07405894171738,4.62007805132257e-05,0.000213234371599503,"Bacteria","Firmicutes","Clostridia","Lachnospirales","Lachnospiraceae",NA,NA
"ASV33",18.9007352547972,-0.985099822909693,0.362218369735642,-2.71962966325714,0.00653550661713691,0.0143796190815635,"Bacteria","Firmicutes","Clostridia","Lachnospirales","Lachnospiraceae","Lachnospiraceae NK4A136 group","bacterium"
"ASV47",17.0420454729562,-0.964552490665286,0.176693309949168,-5.45890781571057,4.790724004943e-08,3.44932128355896e-07,"Bacteria","Firmicutes","Clostridia","Lachnospirales","Lachnospiraceae",NA,NA
"ASV162",1.44618578609075,-0.961104521171933,0.40790286827753,-2.35620927411085,0.018462513189942,0.0342603337545315,"Bacteria","Firmicutes","Clostridia","Lachnospirales","Lachnospiraceae",NA,NA
"ASV77",9.89541505300211,-0.948555706737782,0.404079350348413,-2.34744909859883,0.0189024557152262,0.03471879621164,"Bacteria","Firmicutes","Clostridia","Lachnospirales","Lachnospiraceae","Lachnospiraceae UCG-001",NA
"ASV35",26.4008795264914,-0.946828827311866,0.332866764734124,-2.8444679001466,0.00444856679829544,0.0103992470609504,"Bacteria","Firmicutes","Clostridia","Lachnospirales","Lachnospiraceae","Lachnospiraceae NK4A136 group",NA
"ASV29",36.720899302561,-0.944774463474296,0.281943641827178,-3.35093374460067,0.000805395696311585,0.00249950388510492,"Bacteria","Firmicutes","Bacilli","Lactobacillales","Lactobacillaceae","HT002",NA
"ASV37",22.5078190285885,-0.865114527432679,0.227138971689596,-3.80874546097237,0.000139673648480926,0.000546549059273187,"Bacteria","Firmicutes","Clostridia","Lachnospirales","Lachnospiraceae","[Eubacterium] xylanophilum group",NA
"ASV53",14.8386277367363,-0.846126925995444,0.156558631224093,-5.40453706946587,6.49759853688881e-08,4.49833744861533e-07,"Bacteria","Firmicutes","Clostridia","Oscillospirales","Oscillospiraceae","Intestinimonas",NA
"ASV84",9.46265575316091,-0.792515309520234,0.301048160676711,-2.63252001852056,0.00847540282102652,0.017336051224827,"Bacteria","Firmicutes","Bacilli","Acholeplasmatales","Acholeplasmataceae","Anaeroplasma",NA
"ASV63",11.4489180297146,-0.780196166802134,0.206425609716651,-3.77955122851794,0.000157111267967792,0.000589167254879219,"Bacteria","Firmicutes","Clostridia","Oscillospirales","Oscillospiraceae",NA,NA
"ASV3",573.306783387595,-0.770667737595186,0.112714805524133,-6.83732482180593,8.0685657921307e-12,1.06353434229091e-10,"Bacteria","Bacteroidota","Bacteroidia","Bacteroidales","Muribaculaceae",NA,NA
"ASV28",26.6857686959913,-0.736241704124409,0.271085360540375,-2.71590359087191,0.0066095162012705,0.0143796190815635,"Bacteria","Firmicutes","Clostridia","Lachnospirales","Lachnospiraceae","Lachnospiraceae NK4A136 group","bacterium"
"ASV5",418.25331595116,-0.580732509325274,0.124774588560858,-4.65425304962656,3.25157277756411e-06,1.67223742846154e-05,"Bacteria","Bacteroidota","Bacteroidia","Bacteroidales","Bacteroidaceae","Bacteroides",NA
"ASV64",11.4794571960013,-0.572044017891884,0.175346088580278,-3.26237113427247,0.00110484392500369,0.00326019518853547,"Bacteria","Firmicutes","Clostridia","Lachnospirales","Lachnospiraceae",NA,NA
"ASV80",11.0410823587964,-0.556862155304308,0.176132079083157,-3.1616168854817,0.00156895836514547,0.00441269540197163,"Bacteria","Firmicutes","Clostridia","Peptostreptococcales-Tissierellales","Anaerovoracaceae","[Eubacterium] nodatum group",NA
"ASV69",11.4471368553678,-0.550717595510359,0.203308023072432,-2.70878437155506,0.00675302128873536,0.0144707599044329,"Bacteria","Firmicutes","Clostridia","Clostridia vadinBB60 group",NA,NA,NA
"ASV26",34.356643956808,-0.484539886684215,0.153559154693491,-3.15539563662859,0.00160280596759153,0.00443853960256115,"Bacteria","Firmicutes","Clostridia","Lachnospirales","Lachnospiraceae","Lachnoclostridium",NA
"ASV2",639.404078293239,-0.353950118922387,0.108002770222919,-3.27723185425548,0.00104830249260196,0.00314490747780587,"Bacteria","Bacteroidota","Bacteroidia","Bacteroidales","Muribaculaceae",NA,NA
"ASV10",234.272146142047,-0.327154087459255,0.111741016063776,-2.92778872954345,0.00341381928727156,0.0084708367877436,"Bacteria","Bacteroidota","Bacteroidia","Bacteroidales","Muribaculaceae",NA,NA
"ASV8",254.861319185144,0.314917832161759,0.106951862212863,2.94448199073887,0.00323495772702796,0.00820130127978919,"Bacteria","Bacteroidota","Bacteroidia","Bacteroidales","Muribaculaceae",NA,NA
"ASV31",26.896929136179,0.316089809907776,0.141723833800539,2.23032217963167,0.0257260617489944,0.0449581661632911,"Bacteria","Firmicutes","Clostridia","Lachnospirales","Lachnospiraceae","Lachnospiraceae UCG-004",NA
"ASV59",12.9454063250539,0.369773391321094,0.168269203612196,2.19751079450817,0.0279839864029712,0.0479725481193792,"Bacteria","Firmicutes","Clostridia","Lachnospirales","Lachnospiraceae",NA,NA
"ASV17",78.368214356767,0.408720076208498,0.150549844846169,2.7148488703268,0.00663060213205429,0.0143796190815635,"Bacteria","Bacteroidota","Bacteroidia","Bacteroidales","Muribaculaceae",NA,NA
"ASV30",28.0794442232305,0.494415576181201,0.196620324943477,2.51457002892927,0.0119177631390997,0.0238355262781994,"Bacteria","Firmicutes","Clostridia","Oscillospirales","Oscillospiraceae",NA,NA
"ASV4",562.28138281412,0.598445725765665,0.125724637487663,4.75997177422275,1.93620034914419e-06,1.02504724366457e-05,"Bacteria","Bacteroidota","Bacteroidia","Bacteroidales","Muribaculaceae",NA,NA
"ASV73",9.83977036085696,0.605933531910982,0.255252418463291,2.37386010114582,0.0176032187311394,0.0333534670695273,"Bacteria","Firmicutes","Clostridia","Lachnospirales","Lachnospiraceae",NA,NA
"ASV44",15.6873462882914,0.649119770811662,0.263950097068619,2.45925187382261,0.0139226901161175,0.0272400458793603,"Bacteria","Firmicutes","Clostridia","Lachnospirales","Lachnospiraceae","Lachnospiraceae NK4A136 group",NA
"ASV74",11.2846604488271,0.653551757920623,0.163169024737698,4.00536657598609,6.19213778870804e-05,0.000278646200491862,"Bacteria","Firmicutes","Clostridia","Peptococcales","Peptococcaceae",NA,NA
"ASV6",450.376727977297,0.667083125288517,0.185485964887912,3.59640755402507,0.000322642172183463,0.00109576586779289,"Bacteria","Bacteroidota","Bacteroidia","Bacteroidales","Muribaculaceae",NA,NA
"ASV34",22.6063217182899,0.678675509491131,0.251690337720033,2.69647025642301,0.0070078655794478,0.0148401859329483,"Bacteria","Firmicutes","Clostridia","Lachnospirales","Lachnospiraceae","A2",NA
"ASV11",210.882401478038,0.686795952771201,0.229043067157149,2.99854503913006,0.00271272057722001,0.00697556719856575,"Bacteria","Bacteroidota","Bacteroidia","Bacteroidales","Muribaculaceae",NA,NA
"ASV125",4.03673522072814,0.732104448918535,0.332408703980336,2.20242262056364,0.0276354694734503,0.0478306202425101,"Bacteria","Firmicutes","Clostridia","Clostridia UCG-014",NA,NA,NA
"ASV85",7.35903329176743,0.823739836023663,0.282735846158378,2.9134609113633,0.0035744658417176,0.00869464664201578,"Bacteria","Firmicutes","Clostridia","Lachnospirales","Lachnospiraceae",NA,NA
"ASV68",10.7868904669531,0.84875648785546,0.277639734831877,3.05704256766208,0.00223532529428437,0.00591703754369392,"Bacteria","Firmicutes","Clostridia","Lachnospirales","Lachnospiraceae",NA,NA
"ASV14",114.424503347474,0.891414424054152,0.267846899277159,3.32807445768393,0.000874484908362835,0.00266792005941204,"Bacteria","Bacteroidota","Bacteroidia","Bacteroidales","Muribaculaceae",NA,NA
"ASV102",4.9172624124916,0.901972041607827,0.359557654565832,2.50856025495261,0.0121224291270082,0.023978431240236,"Bacteria","Firmicutes","Clostridia","Lachnospirales","Lachnospiraceae","Roseburia",NA
"ASV118",3.23746563202211,0.92146402329483,0.287606607034827,3.20390422457593,0.00135577569827714,0.0038736448522204,"Bacteria","Firmicutes","Clostridia","Lachnospirales","Lachnospiraceae","Lachnospiraceae FCS020 group",NA
"ASV25",34.9346153261554,0.943661148809459,0.272338555976552,3.46502956742822,0.00053017318684179,0.0017041281005629,"Bacteria","Firmicutes","Clostridia","Lachnospirales","Lachnospiraceae","Lachnospiraceae NK4A136 group",NA
"ASV66",10.9424204501213,0.952447088322691,0.308534862671118,3.08699989387568,0.00202187668888769,0.00543190752238483,"Bacteria","Firmicutes","Clostridia","Oscillospirales","Oscillospiraceae","Colidextribacter",NA
"ASV75",9.47630266943769,1.00486923102193,0.44188972623006,2.27402714155606,0.0229643546877544,0.0413358384379579,"Bacteria","Firmicutes","Clostridia","Lachnospirales","Lachnospiraceae","Lachnospiraceae NK4A136 group",NA
"ASV50",16.7234385995409,1.06665156134994,0.290600746964557,3.67050522922446,0.000242071517153155,0.000854370060540548,"Bacteria","Firmicutes","Clostridia","Lachnospirales","Lachnospiraceae",NA,NA
"ASV48",13.5809929057148,1.24740161624867,0.532643382330507,2.3419076583489,0.019185461056565,0.0348826564664819,"Bacteria","Firmicutes","Clostridia","Lachnospirales","Lachnospiraceae","Lachnospiraceae NK4A136 group",NA
"ASV116",3.37424505632253,1.26648386618449,0.55940660224629,2.26397733079828,0.0235755090793879,0.0420157587553448,"Bacteria","Firmicutes","Clostridia","Lachnospirales","Lachnospiraceae","A2",NA
"ASV32",30.8722908619176,1.33302186321238,0.362324604010768,3.67908181905518,0.000234075169402855,0.000842670609850277,"Bacteria","Firmicutes","Clostridia","Peptococcales","Peptococcaceae",NA,NA
"ASV55",14.7751406306125,1.38987202461884,0.269902566997241,5.14953244084207,2.61136606564331e-07,1.67873532791355e-06,"Bacteria","Firmicutes","Clostridia","Lachnospirales","Lachnospiraceae",NA,NA
"ASV182",1.45588925626885,1.44477204011141,0.397284648065777,3.63661683668231,0.000276242374326706,0.000956223603438598,"Bacteria","Firmicutes","Clostridia","Christensenellales","Christensenellaceae",NA,NA
"ASV65",11.775776329537,1.45977595426704,0.432987720839996,3.37140266110798,0.000747864617331974,0.00236167773894308,"Bacteria","Firmicutes","Clostridia","Lachnospirales","Lachnospiraceae","Lachnospiraceae NK4A136 group",NA
"ASV22",39.8946911941237,1.67079905241449,0.218249788011503,7.65544410208741,1.92645331037637e-14,3.85290662075274e-13,"Bacteria","Firmicutes","Clostridia","Lachnospirales","Lachnospiraceae",NA,NA
"ASV76",12.3075374948483,1.69223010593182,0.442741371202772,3.8221639449113,0.000132285689595395,0.00052914275838158,"Bacteria","Firmicutes","Bacilli","RF39",NA,NA,NA
"ASV91",7.26803468655769,1.80049963328733,0.310970676025284,5.78993381723536,7.04141640417429e-09,6.02693571687769e-08,"Bacteria","Firmicutes","Clostridia","Clostridia vadinBB60 group",NA,NA,NA
"ASV19",58.6620222269566,1.82884795007486,0.376665450327381,4.85536421905781,1.20165670475968e-06,6.55449111687098e-06,"Bacteria","Firmicutes","Bacilli","Erysipelotrichales","Erysipelotrichaceae","Turicibacter",NA
"ASV100",6.45752254158663,1.83668349517691,0.603603368992702,3.04286488367682,0.00234337526065987,0.00611315285389531,"Bacteria","Firmicutes","Clostridia","Lachnospirales","Lachnospiraceae","[Eubacterium] xylanophilum group",NA
"ASV170",1.34497311309249,1.97350427091557,0.425338995523131,4.63983855627517,3.48681467424929e-06,1.74340733712464e-05,"Bacteria","Firmicutes","Clostridia","Oscillospirales","Ruminococcaceae",NA,NA
"ASV124",2.62087444543261,2.11662226259756,0.539688996872477,3.92192962032483,8.78426530159134e-05,0.000385650671777181,"Bacteria","Firmicutes","Clostridia","Lachnospirales","Lachnospiraceae","Roseburia",NA
"ASV89",8.04132652618867,2.16150400465614,0.738766297483744,2.92582919932633,0.00343539491947379,0.0084708367877436,"Bacteria","Firmicutes","Clostridia","Clostridiales","Clostridiaceae","Clostridium sensu stricto 1",NA
"ASV54",17.3329689980632,2.28300255651773,0.378221817315375,6.03614718136178,1.57837302796595e-09,1.67121850019924e-08,"Bacteria","Actinobacteriota","Actinobacteria","Bifidobacteriales","Bifidobacteriaceae","Bifidobacterium",NA
"ASV88",6.36890798151663,2.30186338586483,0.353679740077292,6.50832695523296,7.59923801030777e-11,8.54914276159624e-10,"Bacteria","Firmicutes","Clostridia","Lachnospirales","Lachnospiraceae","Roseburia",NA
"ASV134",2.25700045939847,2.52589362483525,0.72758277296188,3.47162373643444,0.00051732086090915,0.00169305009024813,"Bacteria","Firmicutes","Clostridia","Lachnospirales","Lachnospiraceae","Lachnospiraceae NK4A136 group",NA
"ASV56",16.0110198570731,2.70919121389693,0.273649109655424,9.90023763391122,4.15287090106229e-23,1.86879190547803e-21,"Bacteria","Firmicutes","Clostridia","Lachnospirales","Lachnospiraceae",NA,NA
"ASV105",6.28490166417598,2.96975708648572,0.948288351829293,3.1317025889403,0.00173795833720478,0.00473988637419486,"Bacteria","Bacteroidota","Bacteroidia","Bacteroidales","Muribaculaceae",NA,NA
"ASV95",6.4769700374413,3.03237507322567,0.392298736128485,7.72975998636027,1.07749539542281e-14,2.42436463970133e-13,"Bacteria","Firmicutes","Clostridia","Lachnospirales","Lachnospiraceae","Roseburia",NA
"ASV203",1.41986840435228,4.00632333489118,0.794966352178694,5.0396137193875,4.66472388606418e-07,2.79883433163851e-06,"Bacteria","Actinobacteriota","Coriobacteriia","Coriobacteriales","Atopobiaceae","Coriobacteriaceae UCG-002",NA
"ASV126",3.19218484583598,5.19911312712112,0.372816595122006,13.9454981219913,3.35100247405272e-44,3.01590222664745e-42,"Bacteria","Firmicutes","Clostridia","Lachnospirales","Lachnospiraceae","Lachnospiraceae NK4A136 group",NA
