"","taxon","lfc_WhenLate","q_WhenLate"
"13","Candidatus Arthromitus",-3.31735423034807,3.78865989938704e-50
"11","Ligilactobacillus",-0.60469975409835,0.00110167706983087
"40","Pseudomonas",-0.505614057167057,0.000120238749564786
"28","Monoglobus",-0.36843793951675,0.00428319109893481
"29","Butyricicoccus",-0.345910131293612,0.00782890683787778
"24","Lachnospiraceae UCG-004",0.37781204412803,0.00799775550641015
"16","A2",0.446337161737971,0.00428319109893481
"14","Clostridium sensu stricto 1",0.506640283859762,0.000921116404384855
"10","Lactobacillus",0.64569710800752,0.000932035340209116
"1","Bifidobacterium",0.799134123813627,3.61907592897442e-07
"8","Turicibacter",0.829870511185428,1.19890680381492e-06
