"","input","filtered","denoisedF","denoisedR","merged","nonchim"
"F3D0",7793,7113,6987,6998,6558,6546
"F3D1",5869,5299,5220,5241,5028,5017
"F3D11",17790,16085,15884,15938,15193,14291
"F3D125",12674,11653,11464,11511,10760,10356
"F3D13",17277,15795,15642,15662,14781,14104
"F3D141",5958,5463,5332,5359,4976,4856
"F3D142",3183,2914,2792,2838,2602,2518
"F3D143",3178,2941,2815,2868,2553,2519
"F3D144",4827,4312,4142,4225,3628,3489
"F3D145",7377,6741,6578,6620,6076,5817
"F3D146",5021,4560,4442,4471,3987,3885
"F3D147",17070,15637,15412,15505,14238,13019
"F3D148",12405,11413,11239,11280,10539,9934
"F3D149",13083,12017,11860,11884,11147,10643
"F3D15",10963,10063,9945,9932,9263,8660
"F3D150",5509,5032,4870,4924,4389,4280
"F3D17",10325,9478,9293,9299,8682,8112
"F3D19",2851,2630,2520,2570,2278,2239
"F3D2",19620,18075,17910,17936,17433,16822
"F3D21",15304,14029,13820,13897,13109,12637
"F3D25",4433,4073,3911,3980,3532,3370
"F3D3",6758,6250,6141,6171,5848,5484
"F3D364",8094,7519,7381,7388,6875,6449
"F3D5",4448,4052,3926,3973,3708,3708
"F3D6",7989,7369,7227,7296,6859,6677
"F3D65",3832,3510,3394,3413,3136,3018
"F3D7",5129,4765,4644,4664,4426,4215
"F3D8",5294,4871,4759,4780,4553,4524
"F3D9",7070,6504,6344,6440,6096,6019
"F4D0",5237,4810,4705,4663,4245,4230
"F4D1",5160,4700,4583,4647,4379,4379
"F4D11",6048,5529,5407,5437,5078,4702
"F4D125",19749,17805,17539,17552,16256,15298
"F4D13",8210,7560,7416,7434,6965,6740
"F4D141",14819,13264,13110,13135,12346,12032
"F4D142",14720,13436,13280,13299,12711,12443
"F4D143",37695,34135,33730,33880,31608,29702
"F4D144",23942,21513,21187,21318,19749,18446
"F4D145",34712,31382,30900,31139,28953,27223
"F4D146",4625,4193,4100,4122,3847,3824
"F4D147",21082,19240,18958,19034,17697,16925
"F4D148",19231,17314,17116,17044,16153,15270
"F4D149",18119,16519,16346,16331,15372,14720
"F4D15",8335,7548,7410,7459,7045,6769
"F4D150",23712,21375,21059,21144,19731,18800
"F4D17",5542,5049,4967,4968,4747,4720
"F4D19",6379,5696,5566,5599,5053,4936
"F4D2",4609,4194,4101,4122,3891,3765
"F4D21",8046,7504,7366,7395,6872,6500
"F4D25",11612,10581,10405,10446,9640,8944
"F4D3",6286,5825,5715,5726,5441,5226
"F4D302",27508,24761,24513,24520,23180,22461
"F4D4",14764,13450,13261,13284,12787,12235
"F4D5",11441,10466,10330,10357,9859,9278
"F4D6",8933,8247,8151,8110,7662,7208
"F4D65",5533,5053,4943,4953,4712,4699
"F4D7",8826,8139,7982,7972,7535,7035
"F4D8",7145,6602,6434,6495,6126,6038
"F4D9",6424,5877,5769,5792,5560,5529
"F5D0",21405,19588,19310,19411,18262,17467
"F5D1",14592,13288,13100,13137,12304,11679
"F5D11",28789,26378,26179,26267,24633,23243
"F5D125",5213,4790,4628,4686,4270,4240
"F5D13",40113,36714,36408,36431,34668,32185
"F5D141",4098,3776,3677,3707,3240,3151
"F5D142",4750,4431,4305,4354,3853,3782
"F5D143",38760,35587,35277,35419,32344,29529
"F5D144",7820,7197,7021,7077,6340,6251
"F5D145",320,285,267,257,249,249
"F5D146",5664,5225,5079,5101,4622,4480
"F5D147",4093,3825,3697,3755,3413,3243
"F5D148",5196,4804,4632,4680,4147,3896
"F5D149",9323,8687,8506,8561,7736,7210
"F5D15",6680,6178,6061,6062,5634,5320
"F5D150",5651,5207,5061,5095,4627,4506
"F5D165",2236,2098,2070,2081,2068,2068
"F5D17",11816,10845,10663,10714,10126,9789
"F5D19",4535,4210,4099,4146,3795,3640
"F5D2",18559,17130,16984,16981,16475,15849
"F5D21",5307,4942,4839,4866,4560,4407
"F5D25",4647,4247,4102,4166,3837,3692
"F5D3",16679,15505,15361,15389,14462,13493
"F5D364",9010,8373,8205,8279,7244,6918
"F5D4",15412,14230,14098,14139,13307,12475
"F5D45",6491,5947,5829,5836,5232,4998
"F5D5",14462,13115,12974,13037,12638,12606
"F5D6",24733,22698,22520,22595,22056,21224
"F5D65",4522,4213,4055,4125,3697,3451
"F5D7",23523,21533,21404,21354,20566,19659
"F5D8",13926,12699,12527,12592,12284,12057
"F5D9",30012,27600,27454,27465,26167,25367
"F6D0",10585,9659,9494,9545,8754,8470
"F6D1",17285,15687,15565,15569,15022,14965
"F6D11",15270,13985,13838,13825,13262,12280
"F6D125",14201,13109,12868,12968,11849,11127
"F6D13",13578,12298,12085,12131,11359,10507
"F6D141",17061,15641,15414,15476,14308,13575
"F6D142",18540,17147,16974,16888,15422,14172
"F6D143",14629,13402,13201,13266,12129,11012
"F6D144",18197,16649,16410,16462,15320,14344
"F6D145",4549,4212,4133,4133,3751,3637
"F6D146",18317,16916,16677,16745,15266,13730
"F6D147",13624,12709,12461,12519,11568,11127
"F6D148",4931,4558,4397,4454,3954,3840
"F6D149",10340,9613,9454,9527,8629,8070
"F6D15",6953,6405,6263,6294,5736,5387
"F6D150",3969,3648,3530,3557,3218,3144
"F6D165",5673,5293,5266,5261,5243,5243
"F6D17",9276,8533,8412,8399,7709,7090
"F6D19",11993,11060,10865,10882,10004,9425
"F6D2",7499,6851,6771,6779,6544,6544
"F6D21",13774,12549,12379,12369,11571,10897
"F6D25",17045,15629,15394,15465,14179,13511
"F6D3",22381,20408,20261,20301,19893,19711
"F6D364",2315,2126,2079,2088,1903,1897
"F6D4",10731,9831,9698,9721,9366,8916
"F6D45",10550,9686,9516,9595,8902,8423
"F6D5",6763,6059,5975,5996,5757,5738
"F6D6",5892,5410,5306,5334,5123,5003
"F6D65",15667,14372,14109,14172,13065,12176
"F6D7",9335,8594,8477,8477,8140,7757
"F6D8",6775,6152,5982,6042,5729,5554
"F6D9",16579,15249,15102,15128,14518,13909
"F7D0",12898,11850,11733,11729,11466,11314
"F7D1",12222,11297,11182,11149,10790,10619
"F7D11",10217,9354,9185,9266,8839,8619
"F7D124",21931,19863,19596,19711,18207,17086
"F7D13",12794,11474,11268,11319,10912,10549
"F7D141",7025,6474,6353,6381,5796,5384
"F7D142",5068,4669,4539,4558,3930,3718
"F7D143",11529,10782,10602,10639,9640,8621
"F7D144",14221,13229,13018,13101,11800,10687
"F7D145",5975,5483,5329,5362,4691,4494
"F7D146",9761,9024,8839,8901,7822,7254
"F7D147",5079,4725,4614,4642,4173,4121
"F7D148",18883,17493,17270,17330,15773,14413
"F7D149",4929,4545,4447,4464,4064,4034
"F7D15",12891,11869,11702,11660,11353,10691
"F7D150",6883,6367,6248,6274,5769,5531
"F7D2",13148,12016,11814,11838,11003,10600
"F7D25",11063,10137,9999,10072,9500,8847
"F7D3",16074,14693,14564,14555,14070,13884
"F7D4",5379,4938,4830,4864,4609,4477
"F7D45",9303,8470,8325,8337,7864,7433
"F7D5",5697,5195,5103,5120,4930,4828
"F7D6",10980,10153,10016,10048,9820,9601
"F7D65",19128,17283,17132,17172,15953,14859
"F7D7",9799,9085,8910,9000,8395,7985
"F7D9",9599,8794,8637,8704,8382,8014
"F8D0",11488,10534,10347,10449,9644,9272
"F8D1",9286,8553,8425,8456,8143,7866
"F8D125",9299,8550,8396,8420,7689,7375
"F8D141",3736,3427,3345,3335,2874,2749
"F8D142",7732,7057,6856,6894,6109,5703
"F8D143",6136,5652,5486,5536,4932,4698
"F8D144",4917,4515,4372,4422,4127,4032
"F8D145",5078,4686,4559,4585,4064,3777
"F8D146",5384,4957,4789,4821,4171,3921
"F8D147",5954,5487,5306,5352,4689,4523
"F8D148",6067,5553,5426,5355,4792,4644
"F8D149",2415,2201,2146,2148,1875,1869
"F8D150",9786,8997,8842,8910,8189,7859
"F8D2",5710,5315,5197,5239,5003,4694
"F8D25",9087,8234,8092,8150,7402,7333
"F8D3",8230,7652,7559,7544,7231,6788
"F8D4",4920,4591,4477,4525,4278,4074
"F8D45",5335,4939,4804,4839,4513,4398
"F8D5",7608,6891,6794,6821,6615,6601
"F8D6",4616,4250,4140,4187,4016,3855
"F8D65",13674,12603,12418,12399,11523,10815
"F8D7",6305,5804,5708,5752,5456,5413
"F8D8",8343,7683,7563,7591,7272,6718
"F8D9",9132,8436,8327,8296,8060,7768
"M1D0",14782,13528,13416,13436,12908,12693
"M1D1",6640,6097,6005,6015,5699,5631
"M1D11",30678,28168,27957,28070,26247,24805
"M1D125",9494,8683,8600,8617,7986,7901
"M1D13",18920,17260,17209,17185,16688,16688
"M1D141",1495,1336,1283,1302,1148,1148
"M1D142",8810,8006,7905,7884,7104,7070
"M1D143",10682,9778,9671,9667,8805,8465
"M1D144",12535,11312,11176,11172,10137,9825
"M1D145",14838,13522,13367,13385,12163,11863
"M1D146",2714,2462,2381,2421,2231,2221
"M1D147",7356,6749,6628,6668,6139,5957
"M1D148",8452,7820,7699,7746,6947,6868
"M1D149",83,48,30,34,25,25
"M1D15",6854,6148,6042,6079,5531,5474
"M1D17",5700,5064,4979,5000,4562,4512
"M1D19",4938,4543,4466,4485,4144,4144
"M1D2",1739,1591,1535,1546,1429,1429
"M1D21",3514,3210,3134,3142,2604,2598
"M1D25",8524,7770,7663,7692,7198,7117
"M1D3",32886,30194,30098,30094,29310,29053
"M1D364",4137,3798,3658,3705,3315,3293
"M1D4",28752,26613,26525,26351,25310,24966
"M1D5",3320,3018,2953,2982,2779,2773
"M1D6",14410,13295,13220,13206,12749,12558
"M1D65",3838,3451,3316,3398,3055,3055
"M1D7",2558,2310,2237,2282,2152,2152
"M1D8",21146,19414,19345,19323,18355,18128
"M1D9",70,38,26,20,11,11
"M2D0",5212,4718,4637,4651,4264,4264
"M2D1",5846,5416,5321,5370,5162,5150
"M2D11",4042,3632,3579,3608,3508,3508
"M2D125",485,350,298,321,250,250
"M2D13",8074,7470,7383,7412,7084,6913
"M2D141",6283,5666,5567,5574,5049,4973
"M2D142",8293,7657,7548,7589,7209,7096
"M2D143",4493,4071,4006,4018,3680,3662
"M2D144",9519,8692,8556,8596,7829,7721
"M2D145",7810,7124,7033,7017,6557,6503
"M2D146",5981,5445,5349,5345,4853,4828
"M2D147",7526,6950,6852,6833,6381,6366
"M2D148",6695,6142,6043,6067,5499,5422
"M2D149",4557,4175,4096,4116,3850,3840
"M2D15",10943,9343,9266,9286,8797,8730
"M2D150",9375,8662,8548,8550,8048,7997
"M2D17",7753,7206,7110,7059,6796,6726
"M2D19",71,44,29,33,7,7
"M2D2",4706,4379,4294,4351,4081,4043
"M2D21",7800,7198,7103,7117,6626,6599
"M2D25",11198,10269,10132,10178,9439,9223
"M2D3",13912,12848,12746,12793,12381,12313
"M2D364",14580,13380,13226,13304,12650,12455
"M2D4",18736,17410,17300,17256,16469,16180
"M2D5",21245,19703,19564,19588,18327,17541
"M2D6",17778,16420,16298,16275,15672,15256
"M2D65",19830,18110,17931,17950,16575,16126
"M2D7",7977,7431,7310,7330,7003,6849
"M2D8",7962,7276,7140,7188,6748,6725
"M2D9",11860,10837,10719,10720,10402,10301
"M3D0",14515,13315,13155,13196,12277,12054
"M3D1",2454,2256,2193,2186,2080,2080
"M3D11",7727,7180,7063,7090,6770,6728
"M3D125",9081,8428,8343,8358,7861,7861
"M3D13",20017,18601,18403,18394,17290,16567
"M3D141",2927,2666,2604,2629,2372,2372
"M3D142",14846,13715,13578,13616,12486,12384
"M3D143",21060,19444,19341,19312,17914,17508
"M3D144",6949,6358,6243,6271,5638,5597
"M3D145",12074,11032,10905,10898,9896,9689
"M3D146",6320,5878,5748,5794,5017,4911
"M3D147",2560,2354,2278,2305,2109,2109
"M3D148",939,871,809,822,675,675
"M3D149",14,9,1,1,1,1
"M3D15",4183,3842,3789,3785,3633,3633
"M3D150",6652,6168,6101,6128,5603,5575
"M3D17",11083,10142,10045,10020,9601,9364
"M3D175",4294,3889,3860,3878,3784,3784
"M3D19",6096,5610,5508,5516,5061,4988
"M3D2",9846,9094,8975,9004,8683,8648
"M3D21",14141,13006,12882,12901,12146,11833
"M3D25",7088,6508,6436,6438,5833,5778
"M3D3",875,801,762,768,690,690
"M3D364",4136,3851,3791,3787,3439,3417
"M3D4",5517,5085,4989,5011,4818,4818
"M3D45",5409,4973,4881,4929,4557,4530
"M3D5",161,142,103,121,71,71
"M3D6",6893,6349,6263,6277,5918,5892
"M3D65",18393,16788,16649,16660,15569,15427
"M3D7",7061,6612,6526,6550,6195,6115
"M3D8",1012,901,860,882,810,810
"M3D9",5757,5337,5274,5293,4987,4987
"M4D0",4987,4573,4456,4498,4158,4071
"M4D1",2969,2742,2628,2663,2488,2405
"M4D11",4780,4390,4289,4279,4008,3964
"M4D125",14026,12844,12625,12642,11649,11409
"M4D13",6478,5921,5811,5824,5325,4924
"M4D141",5129,4707,4571,4587,4011,3845
"M4D142",14251,13240,13018,13028,11803,11118
"M4D143",14939,13738,13448,13556,12294,11512
"M4D144",9207,8514,8281,8399,7467,7150
"M4D145",3714,3425,3305,3331,2980,2927
"M4D146",6573,6056,5913,5937,5335,5054
"M4D147",5489,5037,4859,4905,4376,4263
"M4D148",2410,2230,2116,2170,1870,1870
"M4D149",4368,4024,3901,3892,3463,3239
"M4D15",6628,6163,5979,6064,5514,5291
"M4D150",3499,3218,3096,3098,2659,2609
"M4D17",6460,5958,5804,5816,5392,5169
"M4D175",5152,4734,4690,4700,4625,4579
"M4D19",4806,4455,4295,4340,3945,3780
"M4D2",3756,3431,3336,3367,3170,3150
"M4D21",4586,4171,4047,4121,3779,3762
"M4D25",3717,3381,3247,3291,3021,2989
"M4D3",8226,7565,7430,7471,7059,6986
"M4D364",4238,3902,3812,3802,3555,3475
"M4D4",5564,5139,5032,5065,4773,4566
"M4D45",4515,4114,3994,4034,3618,3601
"M4D5",4749,4316,4235,4248,3951,3933
"M4D6",3723,3470,3363,3418,3231,3149
"M4D65",5722,5286,5143,5145,4556,4444
"M4D7",7675,7080,6958,6964,6577,6501
"M4D8",3421,3095,3004,3047,2845,2833
"M4D9",4082,3758,3650,3666,3445,3434
"M5D0",6195,5680,5580,5554,5203,5141
"M5D1",6152,5696,5586,5636,5262,4938
"M5D11",10470,9799,9645,9668,9066,8818
"M5D124",14013,12679,12527,12533,11429,11066
"M5D13",10000,9274,9147,9181,8641,8217
"M5D141",14537,13325,13098,13195,11804,10869
"M5D142",13023,11900,11645,11779,10427,9528
"M5D143",8204,7497,7325,7380,6743,6565
"M5D144",5579,5047,4941,4920,4431,4399
"M5D145",12370,11190,10959,11034,10150,9875
"M5D146",11587,10613,10430,10446,9493,9028
"M5D147",15213,13850,13635,13689,12220,11396
"M5D148",22292,20198,19878,19995,18196,17427
"M5D149",7811,7203,7025,7069,6371,5965
"M5D15",9297,8565,8454,8432,8040,8011
"M5D150",13082,12063,11799,11797,10620,10178
"M5D17",11831,11116,10974,10975,10033,9569
"M5D175",6715,6085,6037,6005,5835,5658
"M5D19",18839,17557,17320,17345,16279,14821
"M5D2",19277,17595,17408,17360,16554,16145
"M5D21",28068,25988,25702,25726,24842,24151
"M5D25",8798,8049,7890,7927,7016,6435
"M5D3",14164,13018,12842,12874,12439,12122
"M5D364",9383,8573,8427,8454,7796,7548
"M5D4",6598,6102,5973,5942,5499,5267
"M5D45",9432,8630,8510,8494,7995,7794
"M5D5",17268,16068,15871,15949,14951,14318
"M5D6",7107,6572,6447,6487,6133,6040
"M5D65",13696,12570,12373,12416,11435,10701
"M5D7",9055,8347,8211,8214,7722,7434
"M5D8",8274,7641,7530,7519,7133,7120
"M5D9",8013,7374,7233,7253,6737,6550
"M6D0",13055,12092,11916,11953,10949,10690
"M6D1",6297,5775,5646,5732,5329,5153
"M6D11",5783,5310,5209,5234,4841,4827
"M6D124",19906,18382,18116,18223,16618,15645
"M6D13",7038,6542,6411,6458,5949,5564
"M6D141",9604,8908,8718,8778,7828,7477
"M6D142",6670,6214,6006,5904,5158,4793
"M6D143",3531,3246,3112,3164,2700,2692
"M6D144",5106,4718,4594,4651,4079,4044
"M6D145",7921,7325,7155,7193,6597,6431
"M6D146",7546,6946,6774,6821,6177,6073
"M6D147",8341,7774,7626,7638,7030,6820
"M6D148",4932,4592,4472,4512,3967,3935
"M6D149",7200,6691,6551,6609,5911,5834
"M6D15",6868,6429,6310,6338,5896,5783
"M6D150",12535,11701,11460,11463,10301,9687
"M6D17",5616,5153,4996,5056,4603,4461
"M6D175",15400,14054,13971,13982,13689,13413
"M6D19",7243,6795,6661,6685,6251,5849
"M6D2",15895,14757,14635,14637,13747,13359
"M6D21",9600,8888,8728,8784,8053,7618
"M6D25",6255,5740,5600,5645,4988,4908
"M6D3",12467,11552,11401,11408,10738,10442
"M6D364",31614,29375,29028,29186,27735,26570
"M6D4",23411,21730,21581,21584,19855,18445
"M6D45",11198,10325,10175,10235,9630,9370
"M6D5",19160,17593,17423,17391,16586,15960
"M6D6",9729,8899,8742,8825,8417,8172
"M6D65",24237,22330,22044,22090,20021,18750
"M6D7",39236,36394,36109,36261,34403,31454
"M6D8",9538,8723,8613,8631,8323,8128
"M6D9",9964,9290,9170,9212,8951,8546
"Mock",4779,4314,4286,4286,4269,4269
"Mock2",12544,11208,11157,11141,11055,11035
