"","Sample","Gender","Subject","Day","When"
"F3D0","F3D0","Female","3",0,"Early"
"F3D1","F3D1","Female","3",1,"Early"
"F3D11","F3D11","Female","3",11,"Early"
"F3D125","F3D125","Female","3",125,"Late"
"F3D13","F3D13","Female","3",13,"Early"
"F3D141","F3D141","Female","3",141,"Late"
"F3D142","F3D142","Female","3",142,"Late"
"F3D143","F3D143","Female","3",143,"Late"
"F3D144","F3D144","Female","3",144,"Late"
"F3D145","F3D145","Female","3",145,"Late"
"F3D146","F3D146","Female","3",146,"Late"
"F3D147","F3D147","Female","3",147,"Late"
"F3D148","F3D148","Female","3",148,"Late"
"F3D149","F3D149","Female","3",149,"Late"
"F3D15","F3D15","Female","3",15,"Early"
"F3D150","F3D150","Female","3",150,"Late"
"F3D17","F3D17","Female","3",17,"Early"
"F3D19","F3D19","Female","3",19,"Early"
"F3D2","F3D2","Female","3",2,"Early"
"F3D21","F3D21","Female","3",21,"Early"
"F3D25","F3D25","Female","3",25,"Early"
"F3D3","F3D3","Female","3",3,"Early"
"F3D364","F3D364","Female","3",364,"Late"
"F3D5","F3D5","Female","3",5,"Early"
"F3D6","F3D6","Female","3",6,"Early"
"F3D65","F3D65","Female","3",65,"Early"
"F3D7","F3D7","Female","3",7,"Early"
"F3D8","F3D8","Female","3",8,"Early"
"F3D9","F3D9","Female","3",9,"Early"
"F4D0","F4D0","Female","4",0,"Early"
"F4D1","F4D1","Female","4",1,"Early"
"F4D11","F4D11","Female","4",11,"Early"
"F4D125","F4D125","Female","4",125,"Late"
"F4D13","F4D13","Female","4",13,"Early"
"F4D141","F4D141","Female","4",141,"Late"
"F4D142","F4D142","Female","4",142,"Late"
"F4D143","F4D143","Female","4",143,"Late"
"F4D144","F4D144","Female","4",144,"Late"
"F4D145","F4D145","Female","4",145,"Late"
"F4D146","F4D146","Female","4",146,"Late"
"F4D147","F4D147","Female","4",147,"Late"
"F4D148","F4D148","Female","4",148,"Late"
"F4D149","F4D149","Female","4",149,"Late"
"F4D15","F4D15","Female","4",15,"Early"
"F4D150","F4D150","Female","4",150,"Late"
"F4D17","F4D17","Female","4",17,"Early"
"F4D19","F4D19","Female","4",19,"Early"
"F4D2","F4D2","Female","4",2,"Early"
"F4D21","F4D21","Female","4",21,"Early"
"F4D25","F4D25","Female","4",25,"Early"
"F4D3","F4D3","Female","4",3,"Early"
"F4D302","F4D302","Female","4",302,"Late"
"F4D4","F4D4","Female","4",4,"Early"
"F4D5","F4D5","Female","4",5,"Early"
"F4D6","F4D6","Female","4",6,"Early"
"F4D65","F4D65","Female","4",65,"Early"
"F4D7","F4D7","Female","4",7,"Early"
"F4D8","F4D8","Female","4",8,"Early"
"F4D9","F4D9","Female","4",9,"Early"
"F5D0","F5D0","Female","5",0,"Early"
"F5D1","F5D1","Female","5",1,"Early"
"F5D11","F5D11","Female","5",11,"Early"
"F5D125","F5D125","Female","5",125,"Late"
"F5D13","F5D13","Female","5",13,"Early"
"F5D141","F5D141","Female","5",141,"Late"
"F5D142","F5D142","Female","5",142,"Late"
"F5D143","F5D143","Female","5",143,"Late"
"F5D144","F5D144","Female","5",144,"Late"
"F5D145","F5D145","Female","5",145,"Late"
"F5D146","F5D146","Female","5",146,"Late"
"F5D147","F5D147","Female","5",147,"Late"
"F5D148","F5D148","Female","5",148,"Late"
"F5D149","F5D149","Female","5",149,"Late"
"F5D15","F5D15","Female","5",15,"Early"
"F5D150","F5D150","Female","5",150,"Late"
"F5D165","F5D165","Female","5",165,"Late"
"F5D17","F5D17","Female","5",17,"Early"
"F5D19","F5D19","Female","5",19,"Early"
"F5D2","F5D2","Female","5",2,"Early"
"F5D21","F5D21","Female","5",21,"Early"
"F5D25","F5D25","Female","5",25,"Early"
"F5D3","F5D3","Female","5",3,"Early"
"F5D364","F5D364","Female","5",364,"Late"
"F5D4","F5D4","Female","5",4,"Early"
"F5D45","F5D45","Female","5",45,"Early"
"F5D5","F5D5","Female","5",5,"Early"
"F5D6","F5D6","Female","5",6,"Early"
"F5D65","F5D65","Female","5",65,"Early"
"F5D7","F5D7","Female","5",7,"Early"
"F5D8","F5D8","Female","5",8,"Early"
"F5D9","F5D9","Female","5",9,"Early"
"F6D0","F6D0","Female","6",0,"Early"
"F6D1","F6D1","Female","6",1,"Early"
"F6D11","F6D11","Female","6",11,"Early"
"F6D125","F6D125","Female","6",125,"Late"
"F6D13","F6D13","Female","6",13,"Early"
"F6D141","F6D141","Female","6",141,"Late"
"F6D142","F6D142","Female","6",142,"Late"
"F6D143","F6D143","Female","6",143,"Late"
"F6D144","F6D144","Female","6",144,"Late"
"F6D145","F6D145","Female","6",145,"Late"
"F6D146","F6D146","Female","6",146,"Late"
"F6D147","F6D147","Female","6",147,"Late"
"F6D148","F6D148","Female","6",148,"Late"
"F6D149","F6D149","Female","6",149,"Late"
"F6D15","F6D15","Female","6",15,"Early"
"F6D150","F6D150","Female","6",150,"Late"
"F6D165","F6D165","Female","6",165,"Late"
"F6D17","F6D17","Female","6",17,"Early"
"F6D19","F6D19","Female","6",19,"Early"
"F6D2","F6D2","Female","6",2,"Early"
"F6D21","F6D21","Female","6",21,"Early"
"F6D25","F6D25","Female","6",25,"Early"
"F6D3","F6D3","Female","6",3,"Early"
"F6D364","F6D364","Female","6",364,"Late"
"F6D4","F6D4","Female","6",4,"Early"
"F6D45","F6D45","Female","6",45,"Early"
"F6D5","F6D5","Female","6",5,"Early"
"F6D6","F6D6","Female","6",6,"Early"
"F6D65","F6D65","Female","6",65,"Early"
"F6D7","F6D7","Female","6",7,"Early"
"F6D8","F6D8","Female","6",8,"Early"
"F6D9","F6D9","Female","6",9,"Early"
"F7D0","F7D0","Female","7",0,"Early"
"F7D1","F7D1","Female","7",1,"Early"
"F7D11","F7D11","Female","7",11,"Early"
"F7D124","F7D124","Female","7",124,"Late"
"F7D13","F7D13","Female","7",13,"Early"
"F7D141","F7D141","Female","7",141,"Late"
"F7D142","F7D142","Female","7",142,"Late"
"F7D143","F7D143","Female","7",143,"Late"
"F7D144","F7D144","Female","7",144,"Late"
"F7D145","F7D145","Female","7",145,"Late"
"F7D146","F7D146","Female","7",146,"Late"
"F7D147","F7D147","Female","7",147,"Late"
"F7D148","F7D148","Female","7",148,"Late"
"F7D149","F7D149","Female","7",149,"Late"
"F7D15","F7D15","Female","7",15,"Early"
"F7D150","F7D150","Female","7",150,"Late"
"F7D2","F7D2","Female","7",2,"Early"
"F7D25","F7D25","Female","7",25,"Early"
"F7D3","F7D3","Female","7",3,"Early"
"F7D4","F7D4","Female","7",4,"Early"
"F7D45","F7D45","Female","7",45,"Early"
"F7D5","F7D5","Female","7",5,"Early"
"F7D6","F7D6","Female","7",6,"Early"
"F7D65","F7D65","Female","7",65,"Early"
"F7D7","F7D7","Female","7",7,"Early"
"F7D9","F7D9","Female","7",9,"Early"
"F8D0","F8D0","Female","8",0,"Early"
"F8D1","F8D1","Female","8",1,"Early"
"F8D125","F8D125","Female","8",125,"Late"
"F8D141","F8D141","Female","8",141,"Late"
"F8D142","F8D142","Female","8",142,"Late"
"F8D143","F8D143","Female","8",143,"Late"
"F8D144","F8D144","Female","8",144,"Late"
"F8D145","F8D145","Female","8",145,"Late"
"F8D146","F8D146","Female","8",146,"Late"
"F8D147","F8D147","Female","8",147,"Late"
"F8D148","F8D148","Female","8",148,"Late"
"F8D149","F8D149","Female","8",149,"Late"
"F8D150","F8D150","Female","8",150,"Late"
"F8D2","F8D2","Female","8",2,"Early"
"F8D25","F8D25","Female","8",25,"Early"
"F8D3","F8D3","Female","8",3,"Early"
"F8D4","F8D4","Female","8",4,"Early"
"F8D45","F8D45","Female","8",45,"Early"
"F8D5","F8D5","Female","8",5,"Early"
"F8D6","F8D6","Female","8",6,"Early"
"F8D65","F8D65","Female","8",65,"Early"
"F8D7","F8D7","Female","8",7,"Early"
"F8D8","F8D8","Female","8",8,"Early"
"F8D9","F8D9","Female","8",9,"Early"
"M1D0","M1D0","Male","1",0,"Early"
"M1D1","M1D1","Male","1",1,"Early"
"M1D11","M1D11","Male","1",11,"Early"
"M1D125","M1D125","Male","1",125,"Late"
"M1D13","M1D13","Male","1",13,"Early"
"M1D141","M1D141","Male","1",141,"Late"
"M1D142","M1D142","Male","1",142,"Late"
"M1D143","M1D143","Male","1",143,"Late"
"M1D144","M1D144","Male","1",144,"Late"
"M1D145","M1D145","Male","1",145,"Late"
"M1D146","M1D146","Male","1",146,"Late"
"M1D147","M1D147","Male","1",147,"Late"
"M1D148","M1D148","Male","1",148,"Late"
"M1D149","M1D149","Male","1",149,"Late"
"M1D15","M1D15","Male","1",15,"Early"
"M1D17","M1D17","Male","1",17,"Early"
"M1D19","M1D19","Male","1",19,"Early"
"M1D2","M1D2","Male","1",2,"Early"
"M1D21","M1D21","Male","1",21,"Early"
"M1D25","M1D25","Male","1",25,"Early"
"M1D3","M1D3","Male","1",3,"Early"
"M1D364","M1D364","Male","1",364,"Late"
"M1D4","M1D4","Male","1",4,"Early"
"M1D5","M1D5","Male","1",5,"Early"
"M1D6","M1D6","Male","1",6,"Early"
"M1D65","M1D65","Male","1",65,"Early"
"M1D7","M1D7","Male","1",7,"Early"
"M1D8","M1D8","Male","1",8,"Early"
"M1D9","M1D9","Male","1",9,"Early"
"M2D0","M2D0","Male","2",0,"Early"
"M2D1","M2D1","Male","2",1,"Early"
"M2D11","M2D11","Male","2",11,"Early"
"M2D125","M2D125","Male","2",125,"Late"
"M2D13","M2D13","Male","2",13,"Early"
"M2D141","M2D141","Male","2",141,"Late"
"M2D142","M2D142","Male","2",142,"Late"
"M2D143","M2D143","Male","2",143,"Late"
"M2D144","M2D144","Male","2",144,"Late"
"M2D145","M2D145","Male","2",145,"Late"
"M2D146","M2D146","Male","2",146,"Late"
"M2D147","M2D147","Male","2",147,"Late"
"M2D148","M2D148","Male","2",148,"Late"
"M2D149","M2D149","Male","2",149,"Late"
"M2D15","M2D15","Male","2",15,"Early"
"M2D150","M2D150","Male","2",150,"Late"
"M2D17","M2D17","Male","2",17,"Early"
"M2D19","M2D19","Male","2",19,"Early"
"M2D2","M2D2","Male","2",2,"Early"
"M2D21","M2D21","Male","2",21,"Early"
"M2D25","M2D25","Male","2",25,"Early"
"M2D3","M2D3","Male","2",3,"Early"
"M2D364","M2D364","Male","2",364,"Late"
"M2D4","M2D4","Male","2",4,"Early"
"M2D5","M2D5","Male","2",5,"Early"
"M2D6","M2D6","Male","2",6,"Early"
"M2D65","M2D65","Male","2",65,"Early"
"M2D7","M2D7","Male","2",7,"Early"
"M2D8","M2D8","Male","2",8,"Early"
"M2D9","M2D9","Male","2",9,"Early"
"M3D0","M3D0","Male","3",0,"Early"
"M3D1","M3D1","Male","3",1,"Early"
"M3D11","M3D11","Male","3",11,"Early"
"M3D125","M3D125","Male","3",125,"Late"
"M3D13","M3D13","Male","3",13,"Early"
"M3D141","M3D141","Male","3",141,"Late"
"M3D142","M3D142","Male","3",142,"Late"
"M3D143","M3D143","Male","3",143,"Late"
"M3D144","M3D144","Male","3",144,"Late"
"M3D145","M3D145","Male","3",145,"Late"
"M3D146","M3D146","Male","3",146,"Late"
"M3D147","M3D147","Male","3",147,"Late"
"M3D148","M3D148","Male","3",148,"Late"
"M3D149","M3D149","Male","3",149,"Late"
"M3D15","M3D15","Male","3",15,"Early"
"M3D150","M3D150","Male","3",150,"Late"
"M3D17","M3D17","Male","3",17,"Early"
"M3D175","M3D175","Male","3",175,"Late"
"M3D19","M3D19","Male","3",19,"Early"
"M3D2","M3D2","Male","3",2,"Early"
"M3D21","M3D21","Male","3",21,"Early"
"M3D25","M3D25","Male","3",25,"Early"
"M3D3","M3D3","Male","3",3,"Early"
"M3D364","M3D364","Male","3",364,"Late"
"M3D4","M3D4","Male","3",4,"Early"
"M3D45","M3D45","Male","3",45,"Early"
"M3D5","M3D5","Male","3",5,"Early"
"M3D6","M3D6","Male","3",6,"Early"
"M3D65","M3D65","Male","3",65,"Early"
"M3D7","M3D7","Male","3",7,"Early"
"M3D8","M3D8","Male","3",8,"Early"
"M3D9","M3D9","Male","3",9,"Early"
"M4D0","M4D0","Male","4",0,"Early"
"M4D1","M4D1","Male","4",1,"Early"
"M4D11","M4D11","Male","4",11,"Early"
"M4D125","M4D125","Male","4",125,"Late"
"M4D13","M4D13","Male","4",13,"Early"
"M4D141","M4D141","Male","4",141,"Late"
"M4D142","M4D142","Male","4",142,"Late"
"M4D143","M4D143","Male","4",143,"Late"
"M4D144","M4D144","Male","4",144,"Late"
"M4D145","M4D145","Male","4",145,"Late"
"M4D146","M4D146","Male","4",146,"Late"
"M4D147","M4D147","Male","4",147,"Late"
"M4D148","M4D148","Male","4",148,"Late"
"M4D149","M4D149","Male","4",149,"Late"
"M4D15","M4D15","Male","4",15,"Early"
"M4D150","M4D150","Male","4",150,"Late"
"M4D17","M4D17","Male","4",17,"Early"
"M4D175","M4D175","Male","4",175,"Late"
"M4D19","M4D19","Male","4",19,"Early"
"M4D2","M4D2","Male","4",2,"Early"
"M4D21","M4D21","Male","4",21,"Early"
"M4D25","M4D25","Male","4",25,"Early"
"M4D3","M4D3","Male","4",3,"Early"
"M4D364","M4D364","Male","4",364,"Late"
"M4D4","M4D4","Male","4",4,"Early"
"M4D45","M4D45","Male","4",45,"Early"
"M4D5","M4D5","Male","4",5,"Early"
"M4D6","M4D6","Male","4",6,"Early"
"M4D65","M4D65","Male","4",65,"Early"
"M4D7","M4D7","Male","4",7,"Early"
"M4D8","M4D8","Male","4",8,"Early"
"M4D9","M4D9","Male","4",9,"Early"
"M5D0","M5D0","Male","5",0,"Early"
"M5D1","M5D1","Male","5",1,"Early"
"M5D11","M5D11","Male","5",11,"Early"
"M5D124","M5D124","Male","5",124,"Late"
"M5D13","M5D13","Male","5",13,"Early"
"M5D141","M5D141","Male","5",141,"Late"
"M5D142","M5D142","Male","5",142,"Late"
"M5D143","M5D143","Male","5",143,"Late"
"M5D144","M5D144","Male","5",144,"Late"
"M5D145","M5D145","Male","5",145,"Late"
"M5D146","M5D146","Male","5",146,"Late"
"M5D147","M5D147","Male","5",147,"Late"
"M5D148","M5D148","Male","5",148,"Late"
"M5D149","M5D149","Male","5",149,"Late"
"M5D15","M5D15","Male","5",15,"Early"
"M5D150","M5D150","Male","5",150,"Late"
"M5D17","M5D17","Male","5",17,"Early"
"M5D175","M5D175","Male","5",175,"Late"
"M5D19","M5D19","Male","5",19,"Early"
"M5D2","M5D2","Male","5",2,"Early"
"M5D21","M5D21","Male","5",21,"Early"
"M5D25","M5D25","Male","5",25,"Early"
"M5D3","M5D3","Male","5",3,"Early"
"M5D364","M5D364","Male","5",364,"Late"
"M5D4","M5D4","Male","5",4,"Early"
"M5D45","M5D45","Male","5",45,"Early"
"M5D5","M5D5","Male","5",5,"Early"
"M5D6","M5D6","Male","5",6,"Early"
"M5D65","M5D65","Male","5",65,"Early"
"M5D7","M5D7","Male","5",7,"Early"
"M5D8","M5D8","Male","5",8,"Early"
"M5D9","M5D9","Male","5",9,"Early"
"M6D0","M6D0","Male","6",0,"Early"
"M6D1","M6D1","Male","6",1,"Early"
"M6D11","M6D11","Male","6",11,"Early"
"M6D124","M6D124","Male","6",124,"Late"
"M6D13","M6D13","Male","6",13,"Early"
"M6D141","M6D141","Male","6",141,"Late"
"M6D142","M6D142","Male","6",142,"Late"
"M6D143","M6D143","Male","6",143,"Late"
"M6D144","M6D144","Male","6",144,"Late"
"M6D145","M6D145","Male","6",145,"Late"
"M6D146","M6D146","Male","6",146,"Late"
"M6D147","M6D147","Male","6",147,"Late"
"M6D148","M6D148","Male","6",148,"Late"
"M6D149","M6D149","Male","6",149,"Late"
"M6D15","M6D15","Male","6",15,"Early"
"M6D150","M6D150","Male","6",150,"Late"
"M6D17","M6D17","Male","6",17,"Early"
"M6D175","M6D175","Male","6",175,"Late"
"M6D19","M6D19","Male","6",19,"Early"
"M6D2","M6D2","Male","6",2,"Early"
"M6D21","M6D21","Male","6",21,"Early"
"M6D25","M6D25","Male","6",25,"Early"
"M6D3","M6D3","Male","6",3,"Early"
"M6D364","M6D364","Male","6",364,"Late"
"M6D4","M6D4","Male","6",4,"Early"
"M6D45","M6D45","Male","6",45,"Early"
"M6D5","M6D5","Male","6",5,"Early"
"M6D6","M6D6","Male","6",6,"Early"
"M6D65","M6D65","Male","6",65,"Early"
"M6D7","M6D7","Male","6",7,"Early"
"M6D8","M6D8","Male","6",8,"Early"
"M6D9","M6D9","Male","6",9,"Early"
"Mock","Mock","Mock",NA,NA,NA
"Mock2","Mock2","Mock",NA,NA,NA
